time (seconds),weight (kg)
0.0,0.0
0.0,0.0
0.000524044036865,-0.083
0.000800132751465,-0.083
0.0010621547699,-0.083
0.236038208008,-0.055
0.236495018005,-0.083
0.236879110336,-0.083
0.237190008163,-0.083
0.438047170639,-0.111
0.438316106796,-0.083
0.438580989838,-0.083
0.438842058182,-0.083
0.647410154343,-0.055
0.647802114487,-0.083
0.648188114166,-0.083
1.02914309502,-0.055
1.02941918373,-0.083
1.02966403961,-0.111
1.02990698814,-0.083
1.030148983,-0.083
1.03039216995,-0.111
1.03063511848,-0.111
1.25694918633,-0.083
1.25721716881,-0.111
1.25747799873,-0.083
1.61306500435,-0.083
1.61331605911,-0.055
1.61356019974,-0.111
1.61380314827,-0.111
1.61404514313,-0.083
1.61428713799,-0.111
1.83262610435,-0.111
1.83289599419,-0.111
1.83316802979,-0.111
1.8334300518,-0.083
2.03825712204,-0.083
2.03852701187,0.333
2.03878903389,0.249
2.03905010223,0.249
2.27761697769,0.222
2.27792811394,0.249
2.27820301056,0.249
2.27847599983,0.249
2.47612118721,0.277
2.4763879776,0.249
2.4766831398,0.249
2.48083019257,0.249
2.70370101929,0.277
2.70406699181,0.277
2.70442700386,0.277
2.93893098831,0.249
2.93919920921,0.277
2.93946003914,0.277
2.93972015381,0.277
2.93997907639,0.305
3.15264821053,0.277
3.15291714668,0.305
3.15318012238,0.277
3.36454510689,0.277
3.36481308937,0.305
3.36507415771,0.305
3.36533212662,0.277
3.60004115105,0.277
3.60031199455,0.277
3.60057401657,0.277
3.60083413124,0.305
3.80772304535,0.333
3.80799198151,0.305
3.80825400352,0.333
3.80851411819,0.305
4.01688218117,0.277
4.01715016365,0.333
4.0174100399,0.305
4.0176692009,0.305
4.23394012451,0.305
4.23421001434,0.305
4.23447299004,0.305
4.23473310471,0.305
4.43537402153,0.305
4.43564319611,0.277
4.43590211868,0.305
4.63702011108,0.305
4.63729000092,0.36
4.63755297661,0.305
4.63781404495,0.277
4.83828401566,0.305
4.83855414391,0.277
4.8388171196,0.305
5.04163312912,0.305
5.04191303253,0.36
5.04217720032,0.305
5.04244017601,0.277
5.25050997734,0.333
5.25084614754,0.333
5.25117516518,0.36
5.25388216972,0.416
5.45779514313,0.416
5.45808005333,0.333
5.45834898949,0.36
5.66867208481,0.443
5.66901898384,0.637
5.66934919357,0.665
5.66967701912,0.748
5.88639807701,0.859
5.8867521286,0.998
5.88707709312,1.053
5.88741111755,1.136
6.10094308853,1.219
6.10121107101,1.413
6.10162901878,1.441
6.10206103325,1.524
6.32249307632,1.635
6.32276415825,1.746
6.32302713394,1.801
6.54534697533,1.912
6.54561805725,2.023
6.54588007927,2.079
6.54614114761,2.162
6.757417202,2.245
6.75768709183,2.383
6.75794911385,2.439
6.7582089901,2.467
6.98785614967,2.494
6.98846912384,2.633
6.98908400536,2.771
6.9896709919,2.799
7.23142504692,2.855
7.23169612885,2.965
7.23199605942,3.076
7.23225903511,3.049
7.23592209816,3.132
7.45451116562,3.242
7.45478105545,3.381
7.45504403114,3.409
7.67817902565,3.464
7.67845010757,3.575
7.67871212959,3.658
7.67897319794,3.714
7.91210412979,3.741
7.91238307953,3.824
7.91264820099,3.963
7.91290903091,3.991
7.9158949852,4.018
8.17720508575,4.102
8.17747807503,4.185
8.1777381897,4.268
8.17799711227,4.323
8.39567303658,4.406
8.39594316483,4.434
8.39620518684,4.517
8.39646601677,4.573
8.59635210037,4.628
8.5966231823,4.656
8.59688401222,4.739
8.80205798149,4.794
8.80233001709,4.878
8.80259418488,4.905
8.8028550148,4.933
9.00637316704,4.988
9.00664401054,5.044
9.00690698624,5.099
9.21387815475,5.238
9.21423006058,5.349
9.2145690918,5.487
9.21489906311,5.515
9.41742515564,5.543
9.41769719124,5.57
9.41796016693,5.654
9.62178611755,5.709
9.62205719948,5.848
9.62231898308,5.875
9.62258005142,5.958
9.83408617973,5.986
9.83435606956,6.014
9.83461713791,6.097
10.0446841717,6.18
10.0449531078,6.236
10.0452141762,6.236
10.0454730988,6.18
10.2576391697,6.208
10.2579321861,6.208
10.2582349777,6.236
10.4694590569,6.346
10.4697291851,6.457
10.4699921608,6.568
10.4702529907,6.651
10.6854960918,6.679
10.6857659817,6.734
10.6860280037,6.79
10.686289072,6.873
10.9014151096,6.901
10.9017701149,6.901
10.9020991325,6.873
11.1153311729,6.928
11.1156020164,7.012
11.1158649921,7.067
11.1161360741,7.206
11.3301320076,7.316
11.3304030895,7.372
11.3306660652,7.455
11.5326349735,7.483
11.5329060555,7.538
11.5331690311,7.594
11.5334291458,7.566
11.7610640526,7.594
11.7613329887,7.677
11.7615962029,7.732
11.7618560791,7.788
11.9926960468,7.871
11.9929680824,7.954
11.9932310581,7.982
11.9934930801,8.065
12.2288939953,8.092
12.2291660309,8.176
12.2294290066,8.259
12.2296900749,8.231
12.443614006,8.203
12.4438860416,8.231
12.4441502094,8.259
12.6592240334,8.37
12.6594941616,8.48
12.6597571373,8.536
12.6600182056,8.591
12.873100996,8.647
12.8733921051,8.674
12.8738641739,8.758
12.8742611408,8.813
13.0877130032,8.868
13.0879840851,8.813
13.0882461071,8.896
13.3052990437,8.896
13.3055701256,8.952
13.3058331013,9.035
13.3060941696,9.09
13.517925024,9.201
13.5181970596,9.256
13.5184590816,9.284
13.7359580994,9.395
13.7362291813,9.423
13.7364890575,9.367
13.7367491722,9.256
13.9542040825,9.312
13.9544770718,9.395
13.9547400475,9.506
13.9550011158,9.617
14.1714730263,9.7
14.1717441082,9.727
14.1720061302,9.783
14.3952581882,9.838
14.3956751823,9.921
14.3961791992,9.977
14.3965001106,10.005
14.6200840473,10.005
14.6203551292,10.005
14.6206171513,10.06
14.6208779812,10.199
14.8444499969,10.337
14.8447391987,10.365
14.8450021744,10.503
15.0633130074,10.503
15.063642025,10.614
15.0641570091,10.753
15.0645401478,10.781
15.283780098,10.836
15.284250021,10.891
15.2846190929,10.947
15.2850000858,11.058
15.5055711269,11.169
15.5058410168,11.224
15.5061039925,11.307
15.7305459976,11.39
15.7308189869,11.39
15.7311060429,11.418
15.7313871384,11.473
15.9567620754,11.557
15.9570350647,11.584
15.9572970867,11.723
16.1879620552,11.806
16.1882331371,11.945
16.1884942055,12.028
16.1887540817,12.111
16.4158680439,12.166
16.4161381721,12.277
16.4164001942,12.222
16.4166691303,12.305
16.6405181885,12.471
16.6407880783,12.61
16.641051054,12.693
16.8641819954,12.748
16.86445117,12.804
16.8647141457,12.915
16.8649749756,12.97
17.088116169,12.998
17.0884771347,13.025
17.0888020992,13.081
17.0890891552,13.136
17.3543691635,13.275
17.354842186,13.469
17.3553440571,13.469
17.3558089733,13.497
17.5934021473,13.607
17.5936741829,13.58
17.5939362049,13.635
17.5941970348,13.774
17.8193900585,13.801
17.8196611404,13.857
17.8199231625,13.968
18.0467112064,14.023
18.0469830036,14.106
18.0472471714,14.162
18.0475091934,14.245
18.2764861584,14.356
18.276758194,14.383
18.2770199776,14.383
18.2772810459,14.328
18.504652977,14.356
18.5049262047,14.383
18.505190134,14.522
18.5054521561,14.688
18.7332441807,14.688
18.7335150242,14.744
18.733779192,14.882
18.9640960693,14.938
18.9643671513,14.965
18.964630127,14.965
18.9648911953,14.965
19.1916100979,14.993
19.191879034,15.132
19.1921410561,15.215
19.1924011707,15.298
19.424695015,15.381
19.4249670506,15.409
19.4252290726,15.492
19.6608951092,15.575
19.6611661911,15.658
19.6614391804,15.686
19.6618330479,15.714
19.8971681595,15.686
19.8975381851,15.741
19.8978571892,15.88
19.8981630802,15.963
20.1320002079,16.046
20.1323540211,16.157
20.1326870918,16.157
20.1329801083,16.24
20.3683621883,16.351
20.3686351776,16.406
20.3689000607,16.434
20.3691630363,16.49
20.6017870903,16.573
20.6020581722,16.656
20.6023201942,16.767
20.8193750381,16.85
20.8196480274,16.878
20.8199110031,16.933
20.8201730251,17.016
21.0384290218,17.099
21.0387001038,17.044
21.0389621258,17.072
21.255573988,17.182
21.2558450699,17.321
21.2561070919,17.404
21.2563672066,17.515
21.4763600826,17.543
21.4766321182,17.598
21.4769341946,17.709
21.4771971703,17.709
21.6960802078,17.709
21.6963531971,17.764
21.6966161728,17.848
21.9126691818,17.986
21.912940979,18.069
21.9132041931,18.097
21.913465023,18.208
22.1298611164,18.319
22.1301321983,18.291
22.1303939819,18.236
22.3884751797,18.291
22.3888280392,18.291
22.3891661167,18.43
22.3894610405,18.596
22.6068701744,18.568
22.6072700024,18.596
22.6076111794,18.707
22.6079661846,18.79
22.8852920532,18.845
22.8856492043,18.845
22.8859159946,18.901
22.8861792088,18.928
23.11332798,19.039
23.1136391163,19.095
23.1139090061,19.15
23.1141741276,19.206
23.3361899853,19.261
23.3364601135,19.344
23.3367230892,19.4
23.3369832039,19.344
23.5566420555,19.372
23.557033062,19.4
23.5574891567,19.51
23.7850511074,19.621
23.7853331566,19.649
23.785597086,19.704
23.7858600616,19.843
24.0100409985,19.898
24.0104181767,19.871
24.0107550621,19.843
24.233823061,19.815
24.2340950966,19.871
24.2343571186,20.037
24.234618187,20.231
24.4586260319,20.286
24.4588961601,20.397
24.4591670036,20.37
24.4594299793,20.508
24.6733222008,20.619
24.673593998,20.647
24.6738710403,20.674
24.8887071609,20.868
24.888988018,20.952
24.8892521858,21.035
24.8895130157,21.201
25.0998001099,21.229
25.1000730991,21.146
25.1003351212,21.173
25.3111782074,21.173
25.3114590645,21.34
25.3117251396,21.533
25.5238480568,21.672
25.5241219997,21.727
25.5243849754,21.811
25.5246460438,21.838
25.7353670597,21.894
25.7356381416,21.949
25.7359011173,21.977
25.9467830658,22.143
25.9470570087,22.254
25.947327137,22.199
25.9475870132,22.226
26.1675150394,22.42
26.1678450108,22.531
26.1681661606,22.42
26.377259016,22.365
26.377530098,22.448
26.3777930737,22.642
26.3780550957,22.836
26.5903410912,22.891
26.5906131268,22.891
26.5908761024,22.919
26.8019301891,22.947
26.8022751808,22.975
26.8026530743,23.085
26.8029789925,23.141
27.0099141598,23.279
27.0101850033,23.307
27.010447979,23.363
27.2219150066,23.335
27.2222611904,23.39
27.2225840092,23.39
27.4381980896,23.39
27.4385650158,23.39
27.4390921593,23.446
27.4396409988,23.557
27.6931450367,23.695
27.6934161186,23.806
27.6936781406,23.861
27.693939209,23.917
27.9072790146,23.945
27.9077980518,24.028
27.9083940983,24.083
28.1204721928,24.166
28.1207580566,24.194
28.1210291386,24.36
28.1212902069,24.443
28.3332061768,24.582
28.3334760666,24.693
28.3337390423,24.776
28.5457839966,24.804
28.5460560322,24.776
28.5463190079,24.831
28.5465800762,24.915
28.7615890503,25.025
28.7618601322,25.109
28.7621221542,25.275
28.9821970463,25.358
28.9824681282,25.358
28.9827311039,25.358
28.9829921722,25.413
29.1996591091,25.497
29.1999311447,25.524
29.2001950741,25.497
29.4201700687,25.524
29.4204411507,25.607
29.4207031727,25.746
29.4209640026,25.94
29.6394062042,26.023
29.6397202015,26.079
29.6400260925,26.106
29.8569970131,26.189
29.857268095,26.3
29.857530117,26.356
29.8577911854,26.383
30.0764870644,26.273
30.0767591,26.245
30.0770230293,26.3
30.2970302105,26.383
30.2974050045,26.522
30.2977321148,26.744
30.2981250286,26.799
30.5125451088,26.827
30.5129010677,26.855
30.5134460926,26.799
30.7308499813,26.882
30.7313101292,27.049
30.731782198,27.187
30.7321510315,27.132
30.9482870102,27.132
30.9485611916,27.187
30.9490261078,27.381
31.1650621891,27.575
31.1653501987,27.63
31.1656150818,27.686
31.1661260128,27.686
31.3855650425,27.714
31.3858361244,27.824
31.3860991001,27.908
31.3863611221,27.88
31.6030471325,27.908
31.6033191681,27.824
31.6035821438,27.852
31.8166351318,27.908
31.8169591427,27.991
31.8174710274,28.129
31.8189589977,28.268
32.0313661098,28.351
32.0316400528,28.379
32.0319051743,28.379
32.2504110336,28.434
32.2506830692,28.545
32.2509469986,28.628
32.2512090206,28.573
32.4682831764,28.573
32.4685599804,28.573
32.4688241482,28.545
32.6851379871,28.684
32.6854100227,28.767
32.6856811047,28.961
32.6859431267,29.099
32.9084391594,29.238
32.908711195,29.293
32.9089751244,29.376
33.1550710201,29.487
33.1555550098,29.487
33.1561880112,29.404
33.1567800045,29.404
33.3802251816,29.487
33.3804981709,29.681
33.3807621002,29.82
33.3810231686,29.931
33.6258211136,30.014
33.6262750626,30.125
33.6266121864,30.152
33.6269571781,30.236
33.8450160027,30.346
33.8452870846,30.346
33.8455491066,30.346
34.0697550774,30.319
34.0700290203,30.374
34.0702931881,30.43
34.0705552101,30.568
34.2979371548,30.679
34.2982091904,30.734
34.2984721661,30.818
34.2987341881,30.873
34.5205521584,30.956
34.5208230019,31.039
34.5210881233,31.122
34.7415771484,31.039
34.7418510914,31.067
34.7421150208,31.122
34.7423770428,31.316
34.9626970291,31.455
34.9630551338,31.566
34.9633910656,31.649
35.1821630001,31.788
35.182434082,31.815
35.1826980114,31.926
35.1829590797,32.037
35.4038732052,32.037
35.4041450024,32.009
35.4044079781,32.037
35.6232511997,32.12
35.6235220432,32.259
35.623786211,32.425
35.6240460873,32.48
35.8437721729,32.536
35.8440461159,32.536
35.8443109989,32.591
35.8445739746,32.619
36.0660061836,32.758
36.0663511753,32.702
36.0666902065,32.674
36.2868721485,32.647
36.2871470451,32.674
36.2874100208,32.73
36.2876729965,32.813
36.5090060234,32.924
36.5092790127,33.035
36.5095419884,33.09
36.7322731018,33.146
36.7325451374,33.201
36.7328071594,33.256
36.7331030369,33.312
36.9538149834,33.367
36.9541881084,33.45
36.9545311928,33.395
37.2157120705,33.34
37.2159860134,33.478
37.2162520885,33.534
37.2165141106,33.617
37.2167761326,33.7
37.4378640652,33.783
37.4382271767,33.811
37.4385550022,33.894
37.6644420624,33.949
37.6648950577,34.005
37.6653430462,34.115
37.665790081,34.143
37.9274461269,34.115
37.9277181625,34.115
37.9279820919,34.088
37.9282450676,34.143
38.1421620846,34.309
38.1424350739,34.365
38.1426990032,34.476
38.1429619789,34.614
38.3601150513,34.753
38.3603889942,34.808
38.360653162,34.864
38.5816791058,34.919
38.581952095,34.919
38.5822160244,34.947
38.5824770927,34.891
38.8078300953,34.947
38.8081901073,35.085
38.808521986,35.141
39.0284860134,35.252
39.028758049,35.39
39.029020071,35.446
39.0292811394,35.501
39.2551240921,35.557
39.2553970814,35.584
39.2556622028,35.64
39.2559251785,35.612
39.477189064,35.557
39.4775850773,35.695
39.4780302048,35.806
39.6991810799,35.861
39.6994540691,36.0
39.6997170448,36.055
39.6999790668,36.111
39.9210910797,36.222
39.9213631153,36.277
39.9216270447,36.333
40.1442949772,36.36
40.1446301937,36.333
40.1450309753,36.305
40.1454951763,36.388
40.364855051,36.499
40.3651311398,36.61
40.3653950691,36.748
40.3656580448,36.721
40.5869481564,36.804
40.587220192,36.97
40.5874841213,37.081
40.811560154,37.109
40.8118519783,37.081
40.8121151924,37.053
40.812376976,37.109
41.0327711105,37.247
41.0332071781,37.33
41.0335600376,37.413
41.2566251755,37.524
41.256896019,37.552
41.2571611404,37.607
41.2574231625,37.801
41.4771571159,37.801
41.4774301052,37.774
41.4776949883,37.746
41.4779570103,37.691
41.6964161396,37.718
41.6966891289,37.857
41.696955204,37.94
41.9142501354,38.051
41.9145240784,38.134
41.9147880077,38.106
41.9150490761,38.134
42.1340091228,38.328
42.1344330311,38.439
42.134868145,38.411
42.3524429798,38.383
42.3528320789,38.356
42.3531651497,38.439
42.3535180092,38.522
42.5715370178,38.661
42.5719220638,38.771
42.572261095,38.855
42.7910430431,38.91
42.7913160324,38.965
42.7915802002,39.021
42.7918419838,39.076
43.0084459782,39.104
43.0087201595,39.104
43.0089840889,39.215
43.2285261154,39.298
43.2287971973,39.381
43.2290611267,39.381
43.2293231487,39.52
43.4484450817,39.575
43.448718071,39.575
43.4489831924,39.575
43.6669170856,39.603
43.6671891212,39.603
43.6674520969,39.603
43.667714119,39.686
43.8922860622,39.741
43.8926441669,39.935
43.8930850029,39.963
43.8934509754,40.129
44.1119711399,40.24
44.1124210358,40.212
44.1128070354,40.296
44.3345661163,40.351
44.3348391056,40.323
44.335103035,40.406
44.3353672028,40.545
44.5581431389,40.656
44.5585381985,40.656
44.559005022,40.767
44.7813591957,40.739
44.7816309929,40.767
44.7818951607,40.933
44.7821571827,41.044
45.0066890717,41.044
45.0070021152,41.155
45.0072669983,41.21
45.0075290203,41.293
45.2338161469,41.404
45.2340891361,41.404
45.2343530655,41.46
45.4577660561,41.598
45.4580390453,41.57
45.4583041668,41.626
45.4585671425,41.848
45.6818740368,41.848
45.6821479797,41.848
45.6824131012,41.82
45.905134201,41.848
45.905408144,41.903
45.9056720734,42.042
45.9059340954,42.069
46.1270310879,42.097
46.1273031235,42.097
46.1275670528,42.042
46.1278290749,42.125
46.3515861034,42.236
46.3518590927,42.291
46.3521230221,42.374
46.5785841942,42.43
46.5788581371,42.402
46.5791220665,42.402
46.5793840885,42.485
46.8023021221,42.54
46.8026640415,42.596
46.8029980659,42.651
46.8033390045,42.734
47.0190551281,42.762
47.0194411278,42.762
47.0198550224,42.734
47.2377049923,42.79
47.2379779816,42.901
47.2382421494,42.928
47.2385041714,42.984
47.4555351734,43.039
47.4558091164,43.067
47.4560730457,43.122
47.6726009846,43.178
47.6728889942,43.206
47.6731581688,43.233
47.6734240055,43.316
47.9036669731,43.344
47.9041631222,43.372
47.9046909809,43.4
48.1502871513,43.455
48.1505591869,43.483
48.1508221626,43.51
48.1510829926,43.566
48.3735032082,43.594
48.373871088,43.649
48.3742041588,43.677
48.3745319843,43.76
48.5892970562,43.76
48.5896451473,43.843
48.5899581909,43.926
48.8110640049,43.871
48.8113360405,43.926
48.8115990162,44.065
48.8118610382,44.009
49.0331690311,44.065
49.0334420204,44.176
49.0337061882,44.176
49.0339691639,44.203
49.2558209896,44.286
49.2560930252,44.259
49.2563560009,44.314
49.4767870903,44.425
49.4770591259,44.453
49.4773221016,44.425
49.4776451588,44.536
49.6989850998,44.536
49.6992580891,44.591
49.6995232105,44.674
49.9227080345,44.674
49.9229831696,44.674
49.9232480526,44.73
49.9235110283,44.702
50.1466109753,44.758
50.1469781399,44.813
50.1474871635,44.758
50.1478800774,44.785
50.3696050644,44.841
50.3698780537,44.813
50.3701431751,44.868
50.5944571495,44.924
50.5948650837,44.952
50.5953941345,44.979
50.5957760811,44.979
50.8187270164,44.952
50.8190000057,45.062
50.8192641735,45.062
51.0403311253,45.09
51.0406041145,45.146
51.0408689976,45.146
51.0411310196,45.173
51.2659711838,45.229
51.2663991451,45.173
51.2667510509,45.229
51.2671000957,45.312
51.4834041595,45.312
51.4836761951,45.34
51.4839401245,45.45
51.7053120136,45.34
51.7055850029,45.367
51.7058479786,45.423
51.7061100006,45.478
51.9688181877,45.45
51.9691870213,45.45
51.9695281982,45.367
51.9698710442,45.423
52.1860721111,45.589
52.1865000725,45.478
52.1868782043,45.506
52.4035351276,45.506
52.4038081169,45.506
52.4040710926,45.617
52.624199152,45.534
52.6244730949,45.561
52.6247360706,45.644
52.6249980927,45.589
52.8388490677,45.617
52.8391211033,45.644
52.8393859863,45.617
53.1008820534,45.783
53.1013569832,45.644
53.101760149,45.644
53.1020300388,45.783
53.3392369747,45.755
53.3395111561,45.838
53.3397741318,45.811
53.3400371075,45.755
53.5561051369,45.838
53.5564820766,45.783
53.556843996,45.783
53.7739470005,45.894
53.7742211819,45.866
53.7744851112,45.922
53.7747471333,45.949
53.9956731796,45.894
53.9959461689,45.949
53.9962110519,45.866
54.2263000011,44.702
54.2265741825,44.674
54.2268381119,44.674
54.2270991802,44.674
54.4484250546,44.73
54.4486961365,44.758
54.4489610195,44.73
54.6700391769,44.758
54.6703131199,44.674
54.6705770493,44.674
54.6708409786,44.674
54.8862040043,44.647
54.8864791393,44.647
54.8867430687,44.564
55.1049630642,44.48
55.1052360535,44.536
55.1054980755,44.453
55.1057591438,44.37
55.3243160248,44.314
55.3245880604,43.233
55.3248510361,43.122
55.5435590744,43.095
55.5439341068,42.984
55.5444660187,42.873
55.5456211567,42.263
55.7624731064,42.125
55.7628390789,41.931
55.7631750107,41.737
55.9843211174,41.57
55.9845941067,41.515
55.9848570824,41.376
55.9878261089,41.349
56.2070810795,41.21
56.2073540688,41.127
56.2076170444,41.016
56.4382190704,40.961
56.4384951591,40.85
56.4387609959,40.767
56.43902421,40.628
56.6556839943,40.628
56.6559560299,40.434
56.6562201977,40.102
56.870609045,39.88
56.8708820343,34.697
56.8711462021,34.503
57.0869581699,34.753
57.0872311592,34.614
57.0874950886,34.587
57.0877561569,34.476
57.3044362068,34.503
57.3047091961,34.448
57.3049709797,34.393
57.5211751461,34.448
57.5214490891,34.337
57.5217142105,34.309
57.5219771862,34.254
57.7325940132,34.254
57.7328670025,34.226
57.7332410812,33.561
57.943570137,33.34
57.9438421726,31.76
57.944106102,31.649
58.1810359955,31.455
58.1814160347,31.4
58.1817760468,31.4
58.1820411682,31.344
58.4141499996,31.289
58.4144220352,31.206
58.4146850109,31.122
58.4149470329,31.122
58.6284379959,31.012
58.628713131,30.956
58.6289761066,30.845
58.8444130421,30.734
58.8446860313,30.651
58.8449511528,30.457
58.8452141285,30.457
59.0589380264,30.263
59.0592110157,30.152
59.0594739914,30.069
59.2761321068,30.042
59.2765200138,30.014
59.2768499851,29.875
59.2771542072,29.82
59.4912440777,29.654
59.4915981293,29.543
59.4919300079,29.487
59.7051780224,29.321
59.7054522038,29.238
59.7057161331,28.905
59.9267010689,23.446
59.9270601273,20.536
59.9274001122,20.785
59.9276909828,20.813
60.1450231075,20.841
60.1452960968,20.896
60.1455600262,20.952
60.3660821915,20.952
60.3663570881,20.952
60.3666231632,20.924
60.3668880463,20.868
60.5877981186,20.868
60.5880811214,20.73
60.5883541107,20.591
60.8106172085,20.564
60.8110032082,20.397
60.811563015,20.37
60.8119590282,20.342
61.0300860405,20.259
61.0307121277,20.203
61.0312960148,20.203
61.2701640129,20.065
61.2704679966,19.732
61.2707800865,19.704
61.2710671425,19.621
61.4838621616,19.621
61.4842879772,19.316
61.4848120213,19.206
61.4885230064,19.067
61.6986451149,18.956
61.6989841461,18.845
61.6992990971,18.79
61.9111320972,18.707
61.9114060402,18.624
61.911670208,18.54
62.1264431477,18.43
62.1267261505,18.402
62.1269900799,18.319
62.1272540092,18.263
62.3425459862,18.208
62.3428189754,18.152
62.3430831432,18.097
62.5579581261,18.069
62.5582330227,18.042
62.5584990978,17.986
62.7786140442,17.958
62.7788891792,17.903
62.7791531086,17.875
62.7794151306,17.875
62.9891200066,17.792
62.9893920422,17.792
62.9896571636,17.737
63.2214009762,17.737
63.2219481468,17.681
63.2225520611,17.654
63.2230951786,17.626
63.4783000946,17.626
63.4786720276,17.57
63.4790341854,17.543
63.4793951511,17.515
63.7078001499,17.515
63.7080740929,17.487
63.7083380222,17.46
63.70860219,17.432
63.9291040897,17.432
63.929377079,17.404
63.9296431541,17.376
64.1447100639,17.349
64.1449840069,17.349
64.1452491283,17.349
64.1455111504,17.266
64.3626441956,17.293
64.3629181385,17.266
64.3631820679,17.266
64.575646162,17.182
64.5760130882,17.21
64.5763421059,17.182
64.7885811329,17.155
64.7888541222,17.155
64.7891180515,17.155
64.7893981934,17.099
65.0024399757,17.127
65.0027151108,17.072
65.0029811859,17.044
65.2190861702,17.044
65.2193610668,17.044
65.2196249962,17.044
65.2198870182,17.016
65.4340012074,17.016
65.4342751503,17.016
65.434540987,16.988
65.6483972073,16.988
65.6486711502,16.933
65.6489341259,16.933
65.864303112,16.905
65.8645792007,16.933
65.8648440838,16.933
65.8651070595,16.933
66.0765399933,16.878
66.0768330097,16.905
66.0771000385,16.878
66.2923111916,16.85
66.2925851345,16.85
66.2928500175,16.822
66.2931120396,16.794
66.5097920895,16.794
66.5100669861,16.822
66.5103321075,16.739
66.7688040733,16.767
66.7690780163,16.767
66.7693431377,16.767
66.7696051598,16.739
66.9804551601,16.739
66.9808311462,16.711
66.9814221859,16.711
67.1934571266,16.684
67.1937329769,16.684
67.193999052,16.711
67.1942629814,16.656
67.4086461067,16.656
67.4089210033,16.628
67.4091851711,16.656
67.6196789742,16.6
67.6199550629,16.628
67.6202220917,16.628
67.6204850674,16.656
67.8314771652,16.6
67.8317501545,16.6
67.8320150375,16.573
68.0418071747,16.573
68.0420811176,16.6
68.0423460007,16.573
68.2505030632,16.545
68.2508211136,16.545
68.2513310909,16.545
68.2517991066,16.545
68.5161550045,16.49
68.5164291859,16.517
68.5166940689,16.49
68.5169560909,16.517
68.7334771156,16.49
68.7337501049,16.462
68.7340130806,16.462
68.9495480061,16.49
68.9498221874,16.434
68.9500851631,16.49
68.950345993,16.434
69.1677331924,16.434
69.1680080891,16.406
69.1682710648,16.434
69.3818120956,16.434
69.3820881844,16.351
69.3823521137,16.379
69.6018800735,16.379
69.6021552086,16.628
69.6024181843,16.379
69.60268116,16.379
69.8160881996,16.434
69.816368103,16.379
69.8169081211,16.406
70.0321130753,16.379
70.0323882103,16.351
70.0326521397,16.379
70.032916069,16.351
70.033178091,16.351
70.2496011257,16.323
70.2498750687,16.323
70.2501401901,16.351
70.2504031658,16.323
70.2506651878,16.379
70.4639220238,16.379
70.4641981125,16.379
70.4644651413,16.296
70.464728117,16.323
70.4649910927,16.323
70.6812222004,16.323
70.6814961433,16.323
70.6817619801,16.268
70.6820261478,16.268
70.6822891235,16.296
70.8996582031,16.268
70.8999330997,16.268
70.9001979828,16.268
71.1191561222,16.212
71.1196701527,16.24
71.1199350357,16.212
71.3370871544,16.212
71.3373641968,16.24
71.3376309872,16.24
71.337895155,16.24
71.3381590843,16.24
71.5646350384,16.185
71.5650670528,16.212
71.5653979778,16.24
71.565803051,16.24
71.5661501884,16.212
71.7852461338,16.185
71.7855200768,16.185
71.7857851982,16.185
71.7860469818,16.185
71.7863111496,16.185
72.0084021091,16.185
72.0086760521,16.185
72.0089411736,16.157
72.0092051029,16.212
72.0094671249,16.157
72.2812240124,16.129
72.281701088,16.185
72.2821810246,16.102
72.5049490929,16.157
72.5052230358,16.129
72.5054872036,16.129
72.5057501793,16.129
72.7258939743,16.102
72.7261710167,16.074
72.7264370918,16.129
72.7267010212,16.129
72.7269639969,16.102
72.9408881664,16.074
72.9411640167,16.102
72.9414281845,16.102
72.9416911602,16.074
72.9419531822,16.046
73.1608030796,16.074
73.1610770226,16.074
73.161342144,16.074
73.1616060734,16.074
73.1618680954,16.102
73.3794109821,16.046
73.3796830177,16.046
73.3799471855,16.046
73.3802080154,16.046
73.3804690838,16.046
73.5948371887,16.046
73.8129150867,16.018
73.8131890297,16.018
73.8134560585,16.046
73.8137190342,15.991
73.8139810562,16.018
74.0347790718,15.991
74.0350530148,16.018
74.0353181362,16.018
74.0355801582,15.991
74.0358421803,16.018
74.2577421665,15.991
74.2580151558,15.991
74.2582781315,15.991
74.258603096,15.991
74.2588660717,16.046
74.4784371853,15.991
74.4787101746,15.963
74.4789741039,15.935
74.4792361259,15.991
74.479498148,15.963
74.7015771866,15.963
74.7018511295,15.991
74.7021160126,15.963
74.7023789883,15.908
74.924377203,15.991
74.9250941277,15.935
75.1466710567,15.963
75.1469461918,15.935
75.1472110748,15.908
75.1474730968,15.908
75.1477360725,15.935
75.366464138,15.935
75.3667371273,15.908
75.3670020103,15.908
75.3672640324,15.908
75.3675270081,15.908
75.5890500546,15.88
75.5893239975,15.935
75.5896191597,15.908
75.5899031162,15.88
75.5901660919,15.908
75.8083369732,15.88
75.8086111546,15.88
75.8088760376,15.88
75.8091471195,15.908
75.8094651699,15.852
76.0312681198,15.88
76.0315442085,15.852
76.0318081379,15.88
76.2703671455,15.852
76.2708830833,15.852
76.2711491585,15.852
76.2714121342,15.852
76.4913032055,15.852
76.4915790558,15.852
76.4918451309,15.852
76.4921081066,15.824
76.4923701286,15.824
76.7116360664,15.852
76.7119131088,15.824
76.7123501301,15.852
76.712772131,15.824
76.7131631374,15.797
76.9354941845,15.824
76.9357690811,15.852
76.9360351562,15.852
76.9363000393,15.769
76.9365620613,15.824
77.1526470184,15.852
77.1529240608,15.797
77.153190136,15.824
77.1534540653,15.797
77.1537160873,15.797
77.3693900108,15.797
77.3696630001,15.797
77.5863981247,15.824
77.5866720676,15.769
77.5869371891,15.769
77.804942131,15.714
77.8052170277,15.769
77.8054821491,15.797
77.8057940006,15.769
77.8060581684,15.741
77.8098521233,15.741
78.030228138,15.741
78.0305030346,15.797
78.0307672024,15.797
78.0310301781,15.741
78.0312922001,15.741
78.2486879826,15.741
78.2489640713,15.741
78.2492291927,15.741
78.2494909763,15.714
78.2497529984,15.741
78.4666030407,15.769
78.4668810368,15.741
78.4671471119,15.714
78.4674110413,15.714
78.4676799774,15.714
78.7362132072,15.714
78.9590880871,15.741
78.95936203,15.714
78.9596261978,15.686
78.9598879814,15.714
78.9601500034,15.741
78.9604110718,15.686
79.1935200691,15.741
79.1937971115,15.714
79.1940641403,15.714
79.1943290234,15.714
79.1945941448,15.714
79.4168720245,15.714
79.4171471596,15.686
79.4174129963,15.686
79.4176771641,15.658
79.4179401398,15.686
79.6371891499,15.714
79.6374721527,15.658
79.6377360821,15.686
79.6379990578,15.686
79.6382610798,15.686
79.8580391407,15.686
79.8584229946,15.686
79.8587610722,15.658
80.0785160065,15.63
80.0790300369,15.658
80.0792970657,15.658
80.3025960922,15.63
80.3028721809,15.63
80.3031392097,15.63
80.3034110069,15.658
80.3036751747,15.658
80.5247151852,15.63
80.5250401497,15.63
80.5255980492,15.63
80.5259990692,15.63
80.526307106,15.63
80.7447640896,15.575
80.7451272011,15.603
80.7454490662,15.658
80.7457900047,15.603
80.7461249828,15.603
80.9618711472,15.603
80.9622540474,15.603
80.9625911713,15.603
80.9629411697,15.603
80.9632492065,15.603
81.1795451641,15.603
81.1799721718,15.603
81.4388639927,15.575
81.4393801689,15.575
81.439645052,15.575
81.439907074,15.603
81.440169096,15.575
81.6575701237,15.575
81.6578450203,15.603
81.6581101418,15.575
81.6583740711,15.547
81.6586370468,15.575
81.8741769791,15.547
81.8744540215,15.575
81.8747210503,15.575
81.8749849796,15.547
81.8752491474,15.547
82.0933980942,15.575
82.0936720371,15.575
82.0939390659,15.575
82.0942029953,15.547
82.0944662094,15.575
82.3121101856,15.547
82.312390089,15.575
82.3126540184,15.52
82.3129150867,15.547
82.3131771088,15.547
82.5289161205,15.547
82.7495830059,15.547
82.7499480247,15.547
82.7502801418,15.547
82.7506020069,15.52
82.7508890629,15.52
82.9690570831,15.547
82.9694170952,15.492
82.9697461128,15.492
82.9700679779,15.52
82.9704260826,15.52
83.184481144,15.492
83.1848959923,15.52
83.1852581501,15.492
83.1855840683,15.492
83.1858801842,15.492
83.4769392014,15.52
83.4772150517,15.492
83.4774811268,15.52
83.4777472019,15.492
83.478012085,15.436
83.4783160686,15.52
83.478579998,15.492
83.6894462109,15.492
83.6897220612,15.492
83.9058451653,15.492
83.9063661098,15.464
83.906632185,15.464
84.1324570179,15.492
84.1327331066,15.464
84.1329991817,15.464
84.1332631111,15.464
84.1335270405,15.464
84.3559041023,15.464
84.356290102,15.464
84.3566141129,15.492
84.3569610119,15.464
84.3572640419,15.436
84.5708661079,15.464
84.5713031292,15.464
84.5716731548,15.492
84.5720660686,15.436
84.5724201202,15.464
84.7822291851,15.436
84.7825059891,15.464
84.7827720642,15.436
84.7830359936,15.436
84.783301115,15.436
85.0106890202,15.436
85.0109641552,15.436
85.2356991768,15.464
85.2362151146,15.436
85.2364821434,15.436
85.2367470264,15.409
85.4651911259,15.409
85.4654650688,15.409
85.4657301903,15.436
85.4659919739,15.436
85.4662539959,15.436
85.6885550022,15.409
85.6888320446,15.409
85.689095974,15.409
85.6893601418,15.381
85.6896221638,15.381
85.6898841858,15.409
85.9163529873,15.409
85.916629076,15.436
85.9168930054,15.381
85.9171559811,15.381
85.9174191952,15.381
86.1459209919,15.381
86.1461951733,15.409
86.1464600563,15.436
86.146723032,15.381
86.1469860077,15.353
86.3676440716,15.409
86.6049251556,15.381
86.6052010059,15.381
86.6054661274,15.381
86.6057281494,15.353
86.6059911251,15.381
86.8262012005,15.353
86.8264770508,15.353
86.8267440796,15.409
86.8270101547,15.353
86.8272731304,15.381
87.0481021404,15.353
87.048377037,15.27
87.0486431122,15.27
87.0489070415,15.353
87.0491712093,15.353
87.2663459778,15.353
87.2666239738,15.381
87.2669250965,15.326
87.2671921253,15.353
87.2674560547,15.353
87.2677190304,15.353
87.4870140553,15.326
87.4872879982,15.353
87.487552166,15.353
87.7063491344,15.326
87.7069270611,15.326
87.9287450314,15.381
87.9290220737,15.353
87.9292891026,15.326
87.9295520782,15.353
87.9298171997,15.326
88.1408760548,15.353
88.1411540508,15.353
88.1414210796,15.326
88.141685009,15.326
88.1419501305,15.326
88.3530101776,15.353
88.3532869816,15.326
88.3535530567,15.298
88.3538181782,15.326
88.3540821075,15.298
88.5612461567,15.326
88.5615200996,15.298
88.5617849827,15.326
88.5620481968,15.298
88.5623090267,15.298
88.7875649929,15.298
88.7881171703,15.326
88.7886760235,15.353
89.0503640175,15.298
89.0509819984,15.326
89.0512499809,15.27
89.051513195,15.298
89.2669651508,15.27
89.2672421932,15.298
89.2675080299,15.298
89.2677710056,15.27
89.2680470943,15.27
89.4861590862,15.27
89.4864339828,15.298
89.4867751598,15.27
89.4871580601,15.27
89.4875040054,15.298
89.7016069889,15.298
89.7018830776,15.27
89.7021481991,15.298
89.7024121284,15.27
89.7026751041,15.27
89.9102301598,15.243
89.9105081558,15.27
89.9107739925,15.27
89.9110381603,15.298
89.9113051891,15.27
90.1212391853,15.243
90.3346400261,15.27
90.3351581097,15.27
90.3354849815,15.27
90.3357491493,15.215
90.5477991104,15.243
90.5480761528,15.27
90.5483400822,15.243
90.5486030579,15.243
90.5488650799,15.27
90.7570331097,15.215
90.7573201656,15.27
90.7575871944,15.27
90.7580990791,15.243
90.7585260868,15.27
90.9628620148,15.243
90.9631361961,15.243
90.9634001255,15.215
90.9636621475,15.243
91.1934421062,15.243
91.1938021183,15.215
91.1941540241,15.243
91.1944551468,15.215
91.1947832108,15.215
91.1951160431,15.215
91.4150559902,15.243
91.6515610218,15.215
91.6521270275,15.243
91.6524910927,15.215
91.6528511047,15.243
91.6532111168,15.215
91.9059810638,15.215
91.9064249992,15.243
91.9068500996,15.187
91.907269001,15.215
91.9076840878,15.187
91.9080979824,15.187
92.1599600315,15.215
92.1602380276,15.215
92.1605041027,15.187
92.1607680321,15.215
92.1610310078,15.187
92.3795051575,15.187
92.3800611496,15.215
92.3804721832,15.215
92.3807849884,15.159
92.3811190128,15.215
92.3814411163,15.187
92.5936880112,15.187
92.5939631462,15.187
92.5942289829,15.215
92.819257021,15.159
92.8197681904,15.159
93.0443651676,15.187
93.0446410179,15.187
93.0449080467,15.187
93.0451719761,15.187
93.0454361439,15.159
93.2727329731,15.187
93.273015976,15.159
93.2732810974,15.187
93.2735450268,15.159
93.2738091946,15.159
93.2740740776,15.187
93.5236120224,15.187
93.5240311623,15.159
93.5244381428,15.159
93.5248429775,15.159
93.5252950191,15.187
93.5257492065,15.159
93.7691531181,15.132
93.7695350647,15.187
93.7698860168,15.159
93.7702419758,15.159
93.7705540657,15.159
94.0005371571,15.132
94.0008230209,15.104
94.2265810966,15.076
94.2268621922,15.104
94.2271790504,15.132
94.2274451256,15.159
94.4529349804,15.132
94.4533100128,15.132
94.4538450241,15.132
94.4543261528,15.132
94.4546580315,15.132
94.68475914,15.132
94.6850340366,15.104
94.6852982044,15.132
94.6855611801,15.104
94.6858241558,15.104
94.6860921383,15.132
94.909263134,15.132
94.9095389843,15.132
94.9098031521,15.104
94.9100661278,15.132
94.9103281498,15.132
95.1370091438,15.132
95.1372849941,15.132
95.1375601292,15.132
95.1378881931,15.104
95.3532981873,15.132
95.3538701534,15.132
95.5704610348,15.076
95.5707361698,15.104
95.5710010529,15.104
95.5712649822,15.132
95.5715270042,15.104
95.7905771732,15.076
95.7909870148,15.104
95.7914111614,15.104
95.7917730808,15.104
95.7921450138,15.104
96.0089561939,15.104
96.0093209743,15.076
96.0096549988,15.076
96.0099790096,15.132
96.0102620125,15.076
96.228438139,15.076
96.2287130356,15.076
96.2289800644,15.076
96.2292439938,15.076
96.2295091152,15.076
96.4914472103,15.076
96.491738081,15.049
96.4920020103,15.049
96.7153100967,15.076
96.7158250809,15.076
96.716091156,15.076
96.716356039,15.049
96.9305729866,15.076
96.9308481216,15.076
96.9311141968,15.076
96.9313771725,15.049
96.9316401482,15.049
97.1474690437,15.049
97.1478559971,15.159
97.1482021809,15.159
97.1485471725,15.104
97.1488749981,15.049
97.360902071,15.049
97.3611931801,15.076
97.3614602089,15.049
97.3617241383,15.049
97.361987114,15.049
97.5776510239,15.049
97.5779271126,15.049
97.5782091618,15.049
97.5784730911,15.049
97.5787370205,15.049
97.7928760052,15.021
98.0137090683,15.076
98.0142951012,15.049
98.0146520138,15.021
98.0150411129,15.021
98.2249090672,15.049
98.2251820564,15.021
98.2254459858,15.021
98.2257080078,15.021
98.2259700298,15.049
98.4351260662,15.049
98.4354031086,15.049
98.4356691837,15.021
98.4359331131,15.021
98.4361960888,15.021
98.6477980614,15.021
98.6480951309,15.021
98.6483700275,14.993
98.6486330032,14.993
98.6488959789,14.993
98.8632640839,14.993
98.8635389805,15.021
98.8638041019,15.049
98.8640670776,14.993
98.864331007,14.993
99.1157011986,14.993
99.1161601543,14.993
99.3796901703,14.993
99.3799641132,14.993
99.3802289963,14.993
99.3804922104,15.021
99.380753994,14.993
99.6281051636,14.965
99.6283810139,14.993
99.628663063,15.021
99.6289269924,14.965
99.6291902065,14.993
99.6294531822,14.993
99.8717610836,14.993
99.8721501827,14.993
99.872546196,14.965
99.8728489876,14.965
99.8731470108,14.965
99.873445034,14.965
100.116424084,14.938
100.116921186,14.993
100.11740303,14.965
100.117875099,14.993
100.118342161,14.965
100.362668991,14.993
100.362944126,14.965
100.363209009,14.965
100.611388206,14.965
100.61166501,14.965
100.611932039,14.938
100.612196207,14.965
100.852697134,14.938
100.852981091,14.993
100.853247166,14.965
100.853510141,14.965
100.853774071,14.965
100.854035139,14.965
101.087786198,14.938
101.088199139,14.993
101.088657141,14.965
101.089140177,14.938
101.089583158,14.965
101.317764997,14.938
101.318040133,14.938
101.318306208,14.965
101.318570137,14.965
101.318833113,14.965
101.319447994,14.938
101.551529169,14.938
101.551805019,14.938
101.552071095,14.965
101.771388054,14.938
101.771964073,14.965
101.999277115,14.938
101.999553204,14.938
101.999818087,14.993
102.000083208,14.938
102.000347137,14.938
102.000610113,14.938
102.216005087,14.91
102.216283083,14.938
102.216549158,14.965
102.216813087,14.938
102.217077017,14.938
102.43541503,14.938
102.435691118,14.938
102.435956001,14.938
102.436220169,14.91
102.436483145,14.91
102.663398027,14.882
102.663755178,14.91
102.664111137,14.938
102.664446115,14.91
102.664772987,14.91
102.876588106,14.938
102.87706399,14.91
103.095074177,14.91
103.095601082,14.882
103.095868111,14.91
103.096140146,14.91
103.309398174,14.91
103.309689045,14.91
103.310147047,14.91
103.310600042,14.882
103.311057091,14.882
103.534380198,14.882
103.534656048,14.91
103.534921169,14.882
103.535184145,14.882
103.535448074,14.882
103.743342161,14.91
103.743616104,14.882
103.743880987,14.938
103.744193077,14.882
103.744457006,14.91
103.955744982,14.882
103.956020117,14.938
103.956284046,14.882
103.956547022,14.882
104.165151119,14.882
104.165427208,14.938
104.373279095,14.855
104.373803139,14.882
104.374070168,14.882
104.374334097,14.91
104.584402084,14.855
104.584685087,14.855
104.584949017,14.882
104.585254192,14.882
104.792844057,14.882
104.793120146,14.882
104.793385029,14.882
104.793648005,14.882
104.79391098,14.855
105.004695177,14.91
105.005031109,14.855
105.005375147,14.827
105.005710125,14.855
105.006029129,14.882
105.218155146,14.882
105.218430042,14.882
105.21869421,14.882
105.218957186,14.855
105.219219208,14.855
105.430772066,14.855
105.431054115,14.855
105.642632008,14.827
105.643146992,14.855
105.643414021,14.855
105.857786179,14.882
105.85812521,14.827
105.858479023,14.855
105.858850002,14.827
105.859162092,14.855
106.068907022,14.855
106.069183111,14.855
106.069449186,14.882
106.069712162,14.827
106.069974184,14.827
106.284378052,14.855
106.28465414,14.827
106.284919024,14.827
106.285181999,14.855
106.285447121,14.855
106.512706041,14.827
106.512989044,14.827
106.513255119,14.827
106.513520002,14.827
106.51378417,14.827
106.514047146,14.827
106.738386154,14.855
106.961088181,14.827
106.961855173,14.827
106.962208033,14.827
106.962556124,14.799
107.187874079,14.799
107.188150167,14.799
107.188416004,14.827
107.188680172,14.771
107.188944101,14.799
107.189207077,14.827
107.410106182,14.855
107.41053009,14.827
107.410932064,14.799
107.411202192,14.855
107.411530018,14.827
107.631958008,14.827
107.632234097,14.799
107.632501125,14.827
107.632766008,14.771
107.633030176,14.827
107.853470087,14.799
107.853744984,14.827
107.854010105,14.855
107.854274035,14.799
107.854538202,14.771
108.076279163,14.827
108.296789169,14.799
108.297203064,14.827
108.297747135,14.799
108.298180103,14.799
108.298496008,14.771
108.516653061,14.799
108.517021179,14.771
108.517359018,14.771
108.517668009,14.771
108.518005133,14.799
108.733424187,14.799
108.733797073,14.771
108.734125137,14.799
108.734527111,14.799
108.734834194,14.771
108.955316067,14.771
108.955593109,14.771
108.955860138,14.771
108.956124067,14.771
108.956387043,14.771
109.180500984,14.771
109.18078804,14.799
109.181061983,14.771
109.181335211,14.799
109.458535194,14.771
109.459055185,14.771
109.459323168,14.799
109.68112421,14.799
109.681402206,14.744
109.681668997,14.744
109.681935072,14.771
109.682202101,14.744
109.905757189,14.744
109.906033993,14.744
109.906300068,14.688
109.906566143,14.771
109.906831026,14.744
110.133057117,14.716
110.13353014,14.771
110.133962154,14.771
110.134235144,14.744
110.13450098,14.771
110.134766102,14.744
110.359636068,14.716
110.359912157,14.716
110.360177994,14.744
110.360441208,14.716
110.360704184,14.716
110.589467049,14.744
110.589836121,14.744
110.812963009,14.771
110.813239098,14.744
110.813505173,14.716
110.813769102,14.716
111.035550117,14.217
111.035825014,14.217
111.036091089,14.162
111.036355019,14.134
111.036619186,14.106
111.263262033,14.134
111.263538122,14.106
111.263804197,14.106
111.26406908,14.079
111.26433301,14.051
111.485176086,14.134
111.485450983,14.162
111.485716105,14.134
111.485978127,14.106
111.486241102,14.079
111.71491003,14.106
111.715187073,14.079
111.715453148,14.134
111.715716124,14.106
111.715979099,14.106
111.932999134,14.051
112.152240038,14.023
112.152518034,14.106
112.152787209,14.051
112.153053045,14.079
112.15331912,14.079
112.370640039,14.079
112.370915174,14.079
112.371181011,13.995
112.371445179,14.079
112.371709108,14.106
112.637148142,14.051
112.637423038,14.023
112.637690067,14.051
112.637955189,14.079
112.638218164,14.023
112.638482094,14.051
112.856945038,14.079
112.857261181,14.023
112.857529163,14.023
112.857796192,14.051
112.858062983,14.023
112.85832715,14.023
113.081732988,13.995
113.082121134,14.051
113.297618151,14.023
113.29838109,14.051
113.298784018,14.023
113.53949213,14.023
113.539883137,14.023
113.540259123,14.051
113.540635109,14.051
113.541002035,13.995
113.54126811,13.995
113.803383112,14.051
113.803704977,13.995
113.804014206,13.995
113.804321051,14.023
113.80462718,13.995
113.804933071,14.023
114.029653072,13.995
114.029930115,13.995
114.030198097,13.995
114.03046298,14.051
114.030726194,13.968
114.262290001,13.968
114.262567043,14.023
114.262833118,14.023
114.263098001,13.968
114.263360977,14.023
114.497683048,13.995
114.735656977,14.023
114.736253977,13.995
114.736939192,13.995
114.737533092,13.995
114.738119125,13.995
114.738614082,14.023
115.777296066,14.023
115.777580023,13.968
115.777849197,13.995
115.778110027,13.995
115.778434038,13.995
115.778853178,13.968
115.779220104,13.968
115.77948904,13.995
115.779761076,14.023
115.780024052,13.968
115.780272007,13.995
115.780519009,13.968
115.78076601,13.968
115.781012058,13.995
115.78125906,13.94
115.781505108,13.995
115.78175211,13.94
115.781999111,13.94
115.782246113,13.995
115.782493114,13.968
115.996272087,13.968
115.996651173,13.912
115.996935129,13.968
116.195348978,13.968
116.195634127,13.995
116.195903063,13.829
116.196170092,13.635
116.432712078,13.441
116.432991028,13.247
116.433258057,13.109
116.817177057,12.942
116.817456007,12.721
116.817704201,12.665
116.817951202,12.471
116.818198204,12.333
116.818445206,12.166
117.02099514,12.083
117.02128315,11.917
117.021550179,11.806
117.021815062,11.64
117.245130062,11.529
117.245531082,11.39
117.245851994,11.307
117.471899033,11.141
117.472290039,11.058
117.472568035,10.919
117.472872019,10.753
117.697185993,10.697
117.697462082,10.531
117.697728157,10.365
117.921441078,10.282
117.921717167,10.143
117.921983004,10.088
117.922247171,9.894
118.173276186,9.838
118.17357111,9.672
118.173861027,9.533
118.174148083,9.478
118.397814035,9.339
118.398521185,9.201
118.399180174,9.09
118.399938107,8.979
118.63052702,8.841
118.63085413,8.785
118.631307125,8.619
118.868798018,8.453
118.86928916,8.314
118.869769096,8.203
118.870238066,8.065
119.109984159,7.926
119.110262156,7.843
119.110529184,7.677
119.11079216,7.566
119.352579117,7.427
119.352940083,7.289
119.353286982,7.178
119.353624105,7.012
119.632701159,6.818
119.632984161,6.734
119.633489132,6.568
119.634095192,6.43
119.634595156,6.291
119.872462034,6.097
119.87293601,5.903
119.873375177,5.848
120.095082998,5.598
120.095362186,5.432
120.095628977,5.321
120.095893145,5.127
120.327942133,4.878
120.328219175,4.656
120.328486204,4.517
120.328752041,4.323
120.566152096,4.157
120.566429138,3.963
120.566694975,3.797
120.566959143,3.575
120.807347059,3.381
120.807624102,3.132
120.80789113,2.965
120.808157206,2.688
121.050398111,2.494
121.050778151,2.217
121.051189184,2.023
121.051616192,1.774
121.305804014,1.552
121.306354046,1.275
121.306959152,1.025
121.307483196,0.804
121.554337978,0.471
121.554828167,0.249
121.555287123,-0.028
121.555692196,-0.194
121.808331013,-0.222
121.808974028,-0.277
121.809489012,-0.305
121.810010195,-0.249
122.059811115,-0.277
122.060227156,-0.249
122.060584068,-0.277
122.06092906,-0.249
122.300749063,-0.305
122.301025152,-0.194
122.301292181,-0.277
122.30155611,-0.249
122.52742219,-0.222
122.527772188,-0.249
122.528056145,-0.249
122.763909101,-0.222
122.764276981,-0.222
122.764635086,-0.333
122.765310049,-0.333
122.992711067,-0.36
122.992987156,-0.36
122.993252039,-0.36
122.99351716,-0.388
122.993780136,-0.36
123.232254982,-0.36
123.232531071,-0.36
123.232796192,-0.36
123.233102083,-0.36
123.233367205,-0.36
123.233628988,-0.388
123.472980022,-0.333
123.473389149,-0.36
123.473777056,-0.36
123.474163055,-0.36
123.474543095,-0.416
123.731863022,-0.388
123.73243618,-0.36
123.732971191,-0.388
123.733406067,-0.416
123.733841181,-0.36
123.734351158,-0.36
123.988137007,-0.388
123.988415003,-0.333
124.22421217,-0.36
124.22448802,-0.36
124.224753141,-0.277
124.225041151,-0.305
124.22530508,-0.333
124.462741137,-0.333
124.463194132,-0.333
124.463663101,-0.333
124.464130163,-0.333
124.464547157,-0.333
124.464982986,-0.333
124.691663027,-0.333
124.691940069,-0.333
124.692205191,-0.333
124.692470074,-0.305
124.692734003,-0.36
124.909780025,-0.36
124.910057068,-0.36
124.910322189,-0.333
124.910586119,-0.333
124.910850048,-0.333
125.12811017,-0.333
125.128488064,-0.333
125.128758192,-0.305
125.349141121,-0.333
125.349733114,-0.333
125.350003004,-0.305
125.57301116,-0.36
125.57329011,-0.36
125.573556185,-0.333
125.573821068,-0.333
125.574084997,-0.36
125.789946079,-0.388
125.790224075,-0.36
125.790491104,-0.333
125.790755987,-0.36
125.791020155,-0.388
126.008059025,-0.333
126.008336067,-0.333
126.008603096,-0.36
126.008867979,-0.36
126.009133101,-0.305
126.225253105,-0.36
126.225530148,-0.333
126.225797176,-0.333
126.226063013,-0.36
126.226325989,-0.36
126.442402124,-0.333
126.442677021,-0.36
126.65824604,-0.333
126.658951044,-0.333
126.659349203,-0.333
126.874991179,-0.36
126.875358105,-0.333
126.875696182,-0.333
126.876028061,-0.333
126.876316071,-0.36
127.087948084,-0.333
127.088224173,-0.36
127.088490009,-0.36
127.088755131,-0.36
127.089020014,-0.36
127.303797007,-0.333
127.304072142,-0.333
127.30433917,-0.36
127.304602146,-0.333
127.304864168,-0.36
127.520102024,-0.333
127.520379066,-0.36
127.520645142,-0.388
127.520910025,-0.36
127.521175146,-0.36
127.735244989,-0.36
127.735522985,-0.333
127.951975107,-0.36
127.952495098,-0.36
127.952763081,-0.36
127.953028202,-0.333
128.168370008,-0.36
128.168646097,-0.333
128.16891098,-0.333
128.169175148,-0.36
128.169438124,-0.333
128.372973204,-0.333
128.3732512,-0.36
128.373524189,-0.333
128.373787165,-0.388
128.594614983,-0.333
128.594905138,-0.333
128.595172167,-0.36
128.595435143,-0.333
128.595698118,-0.36
128.597290993,-0.333
128.815941095,-0.36
128.816217184,-0.36
128.816482067,-0.333
128.816745043,-0.333
128.817008018,-0.36
129.038500071,-0.36
129.258955002,-0.333
129.259474039,-0.36
129.259740114,-0.333
129.260004044,-0.36
129.480420113,-0.333
129.480698109,-0.333
129.480964184,-0.333
129.481228113,-0.333
129.481492043,-0.36
129.703644991,-0.333
129.704085112,-0.333
129.704511166,-0.333
129.704933167,-0.333
129.70533514,-0.305
129.705737114,-0.333
129.982839108,-0.333
129.983225107,-0.333
129.983697176,-0.333
129.984146118,-0.333
129.984472036,-0.36
129.984807014,-0.36
130.254513025,-0.333
130.25489521,-0.333
130.255242109,-0.305
130.255572081,-0.333
130.477204084,-0.36
130.477722168,-0.333
130.47799015,-0.333
130.697191,-0.333
130.697468996,-0.333
130.697736979,-0.36
130.6980021,-0.333
130.698266029,-0.333
130.922430038,-0.36
130.922829151,-0.36
130.923242092,-0.333
130.923631191,-0.333
130.923964024,-0.36
131.140991211,-0.333
131.141266108,-0.333
131.141530037,-0.333
131.141794205,-0.36
131.142055988,-0.36
131.363260031,-0.36
131.363538027,-0.333
131.363805056,-0.36
131.364068985,-0.333
131.364333153,-0.333
131.585714102,-0.36
131.585990191,-0.333
131.806321144,-0.36
131.80718112,-0.333
131.807617188,-0.333
131.807950974,-0.36
132.027595997,-0.333
132.027873039,-0.36
132.028140068,-0.36
132.02840519,-0.36
132.028669119,-0.333
132.255671024,-0.333
132.255947113,-0.36
132.256211042,-0.333
132.25647521,-0.36
132.256746054,-0.333
132.257025003,-0.36
132.480374098,-0.36
132.48065114,-0.333
132.480916977,-0.333
132.481181145,-0.333
132.481445074,-0.36
132.701060057,-0.333
132.701334,-0.36
132.701600075,-0.36
132.701864004,-0.333
132.70212698,-0.333
132.922441006,-0.333
133.145339012,-0.36
133.145742178,-0.305
133.146126986,-0.333
133.146426201,-0.333
133.146763086,-0.333
133.361848116,-0.333
133.362209082,-0.333
133.362547159,-0.36
133.362879038,-0.36
133.363213062,-0.36
133.577942133,-0.333
133.578336,-0.36
133.578886032,-0.36
133.579265118,-0.333
133.579581022,-0.333
133.795023203,-0.36
133.795433998,-0.36
133.795757055,-0.333
133.796025038,-0.36
133.79639411,-0.333
134.016731977,-0.388
134.01700902,-0.36
134.017275095,-0.36
134.017539024,-0.333
134.240450144,-0.36
134.460520983,-0.36
134.460798025,-0.333
134.4610641,-0.333
134.46132803,-0.36
134.461591005,-0.333
134.462146044,-0.36
134.685976982,-0.333
134.68625617,-0.333
134.686523199,-0.333
134.686797142,-0.36
134.687069178,-0.333
134.907299995,-0.333
134.907577038,-0.36
134.907844067,-0.36
134.908107996,-0.36
134.908372164,-0.333
135.128621101,-0.36
135.128900051,-0.36
135.12916708,-0.36
135.129433155,-0.36
135.129698038,-0.36
135.348505974,-0.36
135.348783016,-0.333
135.349050045,-0.333
135.574589014,-0.333
135.575119019,-0.333
135.575388193,-0.333
135.795283079,-0.333
135.795591116,-0.305
135.795864105,-0.388
135.79613018,-0.333
135.796395063,-0.333
136.018074989,-0.36
136.018352032,-0.36
136.018619061,-0.36
136.018884182,-0.333
136.019148111,-0.333
136.242272139,-0.333
136.242564201,-0.36
136.242832184,-0.333
136.243098021,-0.305
136.243362188,-0.36
136.46462512,-0.333
136.464903116,-0.333
136.465171099,-0.333
136.465437174,-0.36
136.465702057,-0.333
136.686019182,-0.36
136.686297178,-0.36
136.908077002,-0.333
136.908886194,-0.36
136.909260035,-0.36
136.909600019,-0.333
137.127710104,-0.333
137.127987146,-0.333
137.128254175,-0.333
137.128521204,-0.36
137.128785133,-0.333
137.349107027,-0.36
137.349384069,-0.36
137.349651098,-0.333
137.349915981,-0.36
137.350181103,-0.333
137.569421053,-0.36
137.569698095,-0.333
137.56996417,-0.36
137.570229053,-0.36
137.570492029,-0.36
137.794558048,-0.333
137.794968128,-0.305
137.795320988,-0.36
137.795686007,-0.333
137.796020985,-0.333
137.796378136,-0.36
138.040701151,-0.333
138.318881989,-0.333
138.319158077,-0.36
138.319424152,-0.36
138.319687128,-0.305
138.319950104,-0.36
138.320213079,-0.36
138.569740057,-0.36
138.570018053,-0.305
138.570286036,-0.36
138.570550203,-0.305
138.570813179,-0.305
138.571115017,-0.333
138.826443195,-0.36
138.826722145,-0.36
138.826990128,-0.36
138.827256203,-0.333
138.827522039,-0.36
138.827824116,-0.36
139.071773052,-0.388
139.072050095,-0.36
139.072317123,-0.333
139.072582006,-0.36
139.072846174,-0.36
139.073110104,-0.333
139.316505194,-0.36
139.559264183,-0.36
139.559550047,-0.36
139.559840202,-0.36
139.560204983,-0.333
139.560568094,-0.36
139.807421207,-0.36
139.807698011,-0.36
139.807965994,-0.305
139.808232069,-0.388
139.808495998,-0.36
139.808760166,-0.333
140.081588984,-0.333
140.081984997,-0.36
140.082355976,-0.36
140.082641125,-0.388
140.083006144,-0.36
140.083420992,-0.333
140.337661982,-0.36
140.337944984,-0.36
140.338212013,-0.36
140.338478088,-0.333
140.33874321,-0.36
140.339006186,-0.333
140.580154181,-0.36
140.580432177,-0.36
140.823672056,-0.36
140.823949099,-0.333
140.824215174,-0.36
140.824480057,-0.36
140.824745178,-0.333
141.076856136,-0.36
141.077135086,-0.333
141.077401161,-0.36
141.077666044,-0.36
141.077929974,-0.36
141.078194141,-0.333
141.327937126,-0.36
141.328214169,-0.36
141.328480005,-0.36
141.328745127,-0.388
141.329008102,-0.36
141.329271078,-0.333
141.572774172,-0.36
141.573136091,-0.36
141.573474169,-0.36
141.573806047,-0.36
141.574099064,-0.333
141.815515041,-0.36
141.815792084,-0.36
141.816059113,-0.36
142.059826136,-0.305
142.060105085,-0.36
142.060373068,-0.388
142.060638189,-0.36
142.303342104,-0.36
142.303681135,-0.36
142.303961039,-0.333
142.304231167,-0.333
142.304498196,-0.36
142.304764032,-0.36
142.547563076,-0.333
142.547986984,-0.36
142.548361063,-0.36
142.548730135,-0.36
142.549115181,-0.36
142.794631004,-0.36
142.795338154,-0.36
142.795967102,-0.388
142.796584129,-0.36
142.797161102,-0.36
142.797703028,-0.36
143.030055046,-0.333
143.030333042,-0.36
143.030598164,-0.36
143.265779018,-0.333
143.266301155,-0.333
143.266568184,-0.36
143.490344048,-0.333
143.490794182,-0.333
143.491195202,-0.333
143.491593122,-0.333
143.491918087,-0.333
143.492185116,-0.333
143.70512104,-0.36
143.705399036,-0.333
143.705666065,-0.388
143.705931187,-0.333
143.70619607,-0.36
143.991731167,-0.36
143.992009163,-0.333
143.992276192,-0.333
143.992541075,-0.36
143.992805004,-0.333
143.993069172,-0.36
144.209231138,-0.36
144.209510088,-0.36
144.209777117,-0.333
144.210043192,-0.36
144.210309029,-0.36
144.424685001,-0.388
144.638243198,-0.36
144.638523102,-0.333
144.638790131,-0.36
144.63905406,-0.333
144.639317989,-0.36
144.862257004,-0.333
144.862550974,-0.36
144.862827063,-0.333
144.863098145,-0.333
144.863368988,-0.36
145.075988054,-0.36
145.076267004,-0.333
145.076534986,-0.333
145.076800108,-0.333
145.077064991,-0.305
145.306512117,-0.333
145.30678916,-0.36
145.307054043,-0.333
145.307318211,-0.333
145.30758214,-0.333
145.530636072,-0.333
145.530914068,-0.333
145.531180143,-0.36
145.531444073,-0.36
145.80261302,-0.36
145.803246975,-0.36
145.803647041,-0.333
146.020726204,-0.333
146.021099091,-0.36
146.021440029,-0.333
146.021767139,-0.36
146.022078991,-0.305
146.235396147,-0.36
146.235680103,-0.333
146.236056089,-0.36
146.236520052,-0.36
146.236899137,-0.36
146.446325064,-0.333
146.446604013,-0.333
146.446871042,-0.333
146.447137117,-0.333
146.447403193,-0.333
146.679395199,-0.36
146.67967701,-0.333
146.679944038,-0.333
146.68020916,-0.305
146.680474043,-0.333
146.895534992,-0.333
146.89581418,-0.36
147.137407064,-0.333
147.137927055,-0.36
147.138194084,-0.333
147.138583183,-0.333
147.1428442,-0.388
147.358765125,-0.36
147.359225988,-0.333
147.35960412,-0.111
147.359965086,-0.333
147.360297203,-0.333
147.583149195,-0.305
147.583429098,-0.333
147.583697081,-0.305
147.583964109,-0.305
147.584228992,-0.305
147.806432009,-0.333
147.806732178,-0.305
147.80700016,-0.305
147.807263136,-0.305
147.807527065,-0.333
148.024003029,-0.305
148.024306059,-0.333
148.024574995,-0.333
148.024840117,-0.333
148.025104046,-0.333
148.244449139,-0.305
148.463368177,-0.333
148.463744164,-0.333
148.464159012,-0.333
148.464526176,-0.333
148.464843988,-0.388
148.682693005,-0.277
148.682972193,-0.333
148.683240175,-0.36
148.683506012,-0.388
148.68377018,-0.305
148.901808977,-0.305
148.902086973,-0.388
148.902353048,-0.36
148.90261817,-0.333
148.902884007,-0.36
149.127681017,-0.388
149.127963066,-0.305
149.128230095,-0.333
149.12849617,-0.388
149.128761053,-0.277
149.351529121,-0.305
149.351807117,-0.249
149.352073193,-0.333
149.352338076,-0.333
149.57449007,-0.333
149.575005054,-0.36
149.797435999,-0.333
149.797858,-0.333
149.798327208,-0.36
149.798766136,-0.333
149.799099207,-0.36
150.020498991,-0.36
150.020778179,-0.527
150.021045208,-0.305
150.021310091,-0.333
150.021576166,-0.36
150.261278152,-0.333
150.261557102,-0.36
150.261825085,-0.333
150.26209116,-0.36
150.262355089,-0.305
150.262620211,-0.333
150.496523142,-0.333
150.496798992,-0.222
150.497066021,-0.36
150.497330189,-0.333
150.497593164,-0.36
150.713201046,-0.305
150.713478088,-0.333
150.928045034,-0.333
150.928568125,-0.333
150.928838015,-0.36
150.929105043,-0.333
151.145125151,-0.333
151.1454041,-0.305
151.145673037,-0.36
151.145938158,-0.333
151.146203995,-0.333
151.360666037,-0.36
151.360944986,-0.36
151.361250162,-0.333
151.361517191,-0.333
151.361782074,-0.305
151.57593298,-0.305
151.576214075,-0.333
151.576482058,-0.305
151.576749086,-0.277
151.578173161,-0.305
151.797495127,-0.36
151.797773123,-0.36
151.798040152,-0.36
151.798305035,-0.36
151.79857111,-0.36
152.009841204,-0.333
152.221163034,-0.305
152.221734047,-0.36
152.222110987,-0.333
152.222608089,-0.305
152.43316412,-0.36
152.433441162,-0.333
152.433706999,-0.333
152.43397212,-0.277
152.43423605,-0.305
152.643208027,-0.305
152.643486977,-0.305
152.643754005,-0.305
152.644019127,-0.277
152.644283056,-0.249
152.858755112,-0.333
152.859117985,-0.277
152.859646082,-0.36
152.860205173,-0.333
152.86056304,-0.333
153.070188999,-0.333
153.070466042,-0.333
153.07073307,-0.333
153.070998192,-0.36
153.071261168,-0.36
153.282338142,-0.333
153.523161173,-0.305
153.523728132,-0.333
153.524008036,-0.333
153.52427721,-0.36
153.524544001,-0.333
153.735012054,-0.36
153.735291004,-0.333
153.735558033,-0.333
153.735822201,-0.36
153.960055113,-0.333
153.960347176,-0.333
153.960736036,-0.333
153.961215019,-0.333
153.961628199,-0.333
153.961979151,-0.36
154.19572401,-0.305
154.196354151,-0.277
154.196933985,-0.305
154.197515011,-0.277
154.198168993,-0.277
154.418519974,-0.277
154.418799162,-0.305
154.419064999,-0.333
154.419329166,-0.305
154.419594049,-0.305
154.640053034,-0.333
154.854878187,-0.36
154.855157137,-0.333
154.855424166,-0.333
154.855688095,-0.333
154.855952024,-0.333
155.070804119,-0.36
155.071080208,-0.36
155.071346045,-0.333
155.071609974,-0.36
155.071873188,-0.333
155.284412146,-0.388
155.284691095,-0.388
155.284958124,-0.36
155.285223007,-0.333
155.285485983,-0.36
155.498813152,-0.333
155.499119043,-0.333
155.499559164,-0.333
155.500106096,-0.36
155.500488043,-0.36
155.71371913,-0.36
155.713998079,-0.36
155.714265108,-0.36
155.714529037,-0.36
155.929314137,-0.333
156.1463871,-0.333
156.14666605,-0.36
156.146933079,-0.36
156.1471982,-0.305
156.147463083,-0.333
156.361505985,-0.36
156.361783981,-0.36
156.36205101,-0.36
156.362316132,-0.333
156.362581015,-0.333
156.577403069,-0.305
156.57768321,-0.333
156.577948093,-0.36
156.578212976,-0.333
156.578477144,-0.305
156.792834044,-0.333
156.793114185,-0.194
156.79343605,-0.388
156.793701172,-0.333
156.793966055,-0.388
157.005706072,-0.333
157.006051064,-0.36
157.006438017,-0.36
157.006807089,-0.388
157.217465162,-0.333
157.427079201,-0.333
157.427356005,-0.305
157.42762208,-0.333
157.427887201,-0.36
157.428151131,-0.333
157.638986111,-0.333
157.639311075,-0.333
157.639799118,-0.36
157.640274048,-0.36
157.640694141,-0.305
157.851709127,-0.333
157.851989031,-0.333
157.852255106,-0.333
157.852521181,-0.333
157.85278511,-0.333
158.06457305,-0.333
158.064851999,-0.305
158.065118074,-0.333
158.065383196,-0.333
158.065647125,-0.333
158.277096033,-0.333
158.277477026,-0.36
158.277815104,-0.36
158.278153181,-0.333
158.486525059,-0.333
158.696588039,-0.333
158.696865082,-0.333
158.697131157,-0.305
158.697394133,-0.388
158.697657108,-0.36
158.908336163,-0.333
158.908616066,-0.305
158.908883095,-0.36
158.909147978,-0.305
158.909412146,-0.305
159.123731136,-0.36
159.124010086,-0.333
159.124278069,-0.36
159.124544144,-0.305
159.12480998,-0.333
159.341457129,-0.36
159.341735125,-0.36
159.342002153,-0.36
159.342266083,-0.333
159.342531204,-0.333
159.557587147,-0.333
159.557865143,-0.305
159.558176041,-0.333
159.558454037,-0.333
159.77215004,-0.333
159.985146999,-0.333
159.985428095,-0.333
159.98569417,-0.36
159.985960007,-0.305
159.986230135,-0.333
160.203762054,-0.333
160.204040051,-0.333
160.204308033,-0.305
160.204574108,-0.305
160.204838991,-0.36
160.425867081,-0.305
160.426145077,-0.388
160.426411152,-0.305
160.426676035,-0.305
160.426941156,-0.277
160.427205086,-0.305
160.683501005,-0.305
160.683902979,-0.305
160.684262991,-0.333
160.684822083,-0.333
160.685216188,-0.36
160.89767313,-0.36
160.897953987,-0.36
160.898221016,-0.36
161.114178181,-0.36
161.114706993,-0.305
161.114974976,-0.333
161.330707073,-0.305
161.330986023,-0.333
161.331254005,-0.305
161.331520081,-0.305
161.331786156,-0.333
161.597495079,-0.249
161.597829103,-0.305
161.598105192,-0.333
161.598380089,-0.36
161.598654032,-0.333
161.598929167,-0.36
161.81528616,-0.333
161.815575123,-0.333
161.815852165,-0.305
161.816126108,-0.305
161.816402197,-0.277
162.025557041,-0.305
162.025834084,-0.333
162.026101112,-0.305
162.026365042,-0.305
162.026630163,-0.36
162.236899137,-0.36
162.237209082,-0.305
162.446904182,-0.305
162.447180986,-0.36
162.447447062,-0.333
162.658894062,-0.333
162.659173012,-0.333
162.659440994,-0.333
162.659706116,-0.333
162.659970999,-0.36
162.871839046,-0.36
162.872148037,-0.305
162.872416019,-0.333
162.872683048,-0.249
162.87294817,-0.305
163.084429026,-0.305
163.084707975,-0.305
163.084975004,-0.305
163.085240126,-0.305
163.085506201,-0.333
163.295929193,-0.333
163.296210051,-0.36
163.296478033,-0.388
163.296745062,-0.388
163.297011137,-0.333
163.511116982,-0.277
163.722326994,-0.305
163.722858191,-0.305
163.723127127,-0.36
163.723393202,-0.36
163.935110092,-0.36
163.935388088,-0.36
163.935656071,-0.36
163.93592,-0.277
163.936184168,-0.36
164.150668144,-0.305
164.150948048,-0.277
164.15121603,-0.333
164.151483059,-0.333
164.15174818,-0.333
164.368708134,-0.388
164.368987083,-0.305
164.369253159,-0.333
164.369517088,-0.388
164.369780064,-0.333
164.585662127,-0.36
164.58594203,-0.305
164.586210012,-0.499
164.586477041,-0.333
164.586742163,-0.333
164.800779104,-0.36
164.8010571,-0.333
165.015954018,-0.36
165.016252041,-0.36
165.016561031,-0.36
165.016829014,-0.333
165.233371973,-0.36
165.233654022,-0.36
165.233923197,-0.36
165.23418808,-0.36
165.234453201,-0.333
165.451801062,-0.36
165.452082157,-0.36
165.452351093,-0.36
165.452618122,-0.333
165.452884197,-0.36
165.669121027,-0.36
165.669399023,-0.36
165.669666052,-0.333
165.669931173,-0.36
165.670194149,-0.36
165.897212982,-0.36
165.897490978,-0.36
165.897759199,-0.333
165.898024082,-0.36
165.898289204,-0.36
166.119428158,-0.36
166.348014116,-0.36
166.348482132,-0.333
166.348976135,-0.36
166.349426985,-0.36
166.34980011,-0.36
166.590778112,-0.333
166.591256142,-0.333
166.591726065,-0.388
166.592208147,-0.333
166.592671156,-0.333
166.911233187,-0.277
166.911689997,-0.36
166.912163019,-0.36
166.912635088,-0.333
166.913094997,-0.388
166.913542032,-0.333
166.91398406,-0.36
166.914444208,-0.333
167.211385012,-0.36
167.211786985,-0.36
167.212238073,-0.36
167.212695122,-0.388
167.213158131,-0.36
167.213541031,-0.388
167.503907204,-0.333
167.50468111,-0.36
167.505469084,-0.36
167.795958996,-0.333
167.796437979,-0.333
167.796877146,-0.36
167.797327042,-0.36
167.797791004,-0.36
167.798257113,-0.36
167.798715115,-0.333
168.090666056,-0.333
168.091251135,-0.333
168.091628075,-0.36
168.091984034,-0.36
168.092357159,-0.36
168.09266305,-0.36
168.093016148,-0.333
